<?xml version="1.0" encoding="UTF-8"?><?xml-stylesheet type='text/xsl' href='_UpgradeReport_Files/UpgradeReport.xslt'?><UpgradeLog>
<Properties><Property Name="Solution" Value="Trinet.Core.IO.Ntfs">
</Property><Property Name="Solution File" Value="D:\Downloads\NtfsStreams\Trinet.Core.IO.Ntfs\Trinet.Core.IO.Ntfs.sln">
</Property><Property Name="Date" Value="24 августа 2012 г.">
</Property><Property Name="Time" Value="21:26">
</Property></Properties><Event ErrorLevel="0" Project="Trinet.Core.IO.Ntfs" Source="Trinet.Core.IO.Ntfs.csproj" Description="Project converted successfully">
</Event><Event ErrorLevel="3" Project="Trinet.Core.IO.Ntfs" Source="Trinet.Core.IO.Ntfs.csproj" Description="Converted">
</Event><Event ErrorLevel="0" Project="" Source="Trinet.Core.IO.Ntfs.sln" Description="Solution converted successfully">
</Event><Event ErrorLevel="3" Project="" Source="Trinet.Core.IO.Ntfs.sln" Description="Converted">
</Event><Event ErrorLevel="0" Project="Trinet.Core.IO.Ntfs" Source="Trinet.Core.IO.Ntfs.csproj" Description="Scan complete: Upgrade not required for project files.">
</Event></UpgradeLog>